sample_id,decision_id,expected,severity,kind,peer_evidence,correct,note
GTS18,d1,label=traffic_sign; sign_family=danger,critical,decision,traffic_sign [needs_review=false;sign_family=danger] | traffic_sign [needs_review=false;sign_family=prohibitory] | traffic_sign [needs_review=false;sign_family=unknown],1,Peer nhận diện chính xác biển nguy hiểm khúc cua gấp
GTS18,d2,label=traffic_sign; sign_family=prohibitory,critical,decision,traffic_sign [needs_review=false;sign_family=danger] | traffic_sign [needs_review=false;sign_family=prohibitory] | traffic_sign [needs_review=false;sign_family=unknown],1,Peer nhận diện đúng biển giới hạn tốc độ 30 km/h
GTS18,d3,geometry: 2 box tight-visible riêng biệt cho 2 biển; không bao gồm cột sắt đỡ biển,minor,geometry,traffic_sign [needs_review=false;sign_family=danger] | traffic_sign [needs_review=false;sign_family=prohibitory] | traffic_sign [needs_review=false;sign_family=unknown],1,Bounding box ôm sát từng panel mặt biển nhìn thấy không lấy cột đỡ
GTS20,d1,label=traffic_sign; sign_family=mandatory,major,decision,traffic_sign [needs_review=false;sign_family=danger] | traffic_sign [needs_review=false;sign_family=mandatory]×3 | traffic_sign [needs_review=false;sign_family=other]×7 | traffic_sign [needs_review=false;sign_family=unknown],1,Gán đúng biển mũi tên chỉ hướng đi bên phải
GTS20,d2,label=traffic_sign; sign_family=mandatory,major,decision,traffic_sign [needs_review=false;sign_family=danger] | traffic_sign [needs_review=false;sign_family=mandatory]×3 | traffic_sign [needs_review=false;sign_family=other]×7 | traffic_sign [needs_review=false;sign_family=unknown],1,Gán đúng biển vòng xuyến nền xanh
GTS20,d3,label=traffic_sign; sign_family=other,minor,decision,traffic_sign [needs_review=false;sign_family=danger] | traffic_sign [needs_review=false;sign_family=mandatory]×3 | traffic_sign [needs_review=false;sign_family=other]×7 | traffic_sign [needs_review=false;sign_family=unknown],1,Gán đúng biển nhường đường thuộc nhóm other
GTS21,d1,label=traffic_sign; sign_family=mandatory,major,decision,traffic_sign [needs_review=false;sign_family=danger] | traffic_sign [needs_review=false;sign_family=mandatory] | traffic_sign [needs_review=false;sign_family=other]×4,1,Gán đúng biển mũi tên rẽ trái keep left lớn rõ nét
GTS21,d2,label=traffic_sign; sign_family=other,minor,decision,traffic_sign [needs_review=false;sign_family=danger] | traffic_sign [needs_review=false;sign_family=mandatory] | traffic_sign [needs_review=false;sign_family=other]×4,1,Gán đúng biển người đi bộ qua đường thuộc nhóm other
GTS21,d3,IGNORE: không tạo box cho biển hiệu bia Veltins trên tường nhà,minor,decision,traffic_sign [needs_review=false;sign_family=danger] | traffic_sign [needs_review=false;sign_family=mandatory] | traffic_sign [needs_review=false;sign_family=other]×4,1,Bỏ qua đúng biển hiệu thương mại trên tường theo guideline
GTS24,d1,label=traffic_sign; sign_family=mandatory,major,decision,traffic_sign [needs_review=false;sign_family=mandatory] | traffic_sign [needs_review=false;sign_family=other] | traffic_sign [needs_review=false;sign_family=prohibitory] | traffic_sign [needs_review=false;sign_family=unknown]×2,1,Gán đúng biển chỉ dẫn đi thẳng
GTS24,d2,label=traffic_sign; sign_family=prohibitory,critical,decision,traffic_sign [needs_review=false;sign_family=mandatory] | traffic_sign [needs_review=false;sign_family=other] | traffic_sign [needs_review=false;sign_family=prohibitory] | traffic_sign [needs_review=false;sign_family=unknown]×2,1,Gán đúng biển cấm đi vào nhỏ ở xa
GTS24,d3,geometry: box sát mép panel tròn; không lấy khung đèn giao thông bên cạnh,minor,geometry,traffic_sign [needs_review=false;sign_family=mandatory] | traffic_sign [needs_review=false;sign_family=other] | traffic_sign [needs_review=false;sign_family=prohibitory] | traffic_sign [needs_review=false;sign_family=unknown]×2,1,Box sát mép panel tròn không trùm khung đèn giao thông
GTS28,d1,IGNORE: không tạo bất kỳ bounding box nào trong toàn bộ ảnh,critical,decision,none,1,Ảnh negative không có biển báo hợp lệ; peer không tạo box nào
GTS28,d2,needs_review=false,minor,decision,none,1,Không tạo annotation escalation sai
